Model,BERTScore,Length_of_Summary,METEOR,TOPSIS_Score,Rank
BERT,0.75,130,0.9,0.8682148382067105,2.0
T5,0.78,140,0.7,0.5844380989626817,4.0
XLNet,0.76,135,0.91,0.8886112410118902,1.0
BART,0.8,145,0.8,0.7627366046269655,3.0
Pegasus,0.79,138,0.4,0.11641175261353849,5.0
