Model,BERTScore,Training_time,METEOR,TOPSIS_Score,Rank
BERT,0.75,13,0.9,0.5666162529903431,3.0
T5,0.78,14,0.7,0.37671190980788566,4.0
XLNet,0.76,12,0.91,0.6324509923195171,2.0
BART,0.8,8,0.8,0.8473396004077463,1.0
Pegasus,0.79,13,0.4,0.1325245242851129,5.0
